{
  "bot_challenge": {
    "precision": 1.0,
    "recall": 1.0,
    "f1-score": 1.0,
    "support": 5,
    "confused_with": {}
  },
  "goodbye": {
    "precision": 1.0,
    "recall": 0.9090909090909091,
    "f1-score": 0.9523809523809523,
    "support": 11,
    "confused_with": {
      "greet": 1
    }
  },
  "deny": {
    "precision": 1.0,
    "recall": 1.0,
    "f1-score": 1.0,
    "support": 7,
    "confused_with": {}
  },
  "symptom": {
    "precision": 1.0,
    "recall": 0.9935897435897436,
    "f1-score": 0.9967845659163987,
    "support": 156,
    "confused_with": {
      "mood_unhappy": 1
    }
  },
  "mood_great": {
    "precision": 1.0,
    "recall": 1.0,
    "f1-score": 1.0,
    "support": 14,
    "confused_with": {}
  },
  "affirm": {
    "precision": 1.0,
    "recall": 1.0,
    "f1-score": 1.0,
    "support": 6,
    "confused_with": {}
  },
  "mood_unhappy": {
    "precision": 0.9375,
    "recall": 1.0,
    "f1-score": 0.967741935483871,
    "support": 15,
    "confused_with": {}
  },
  "greet": {
    "precision": 0.9285714285714286,
    "recall": 1.0,
    "f1-score": 0.962962962962963,
    "support": 13,
    "confused_with": {}
  },
  "accuracy": 0.9911894273127754,
  "macro avg": {
    "precision": 0.9832589285714286,
    "recall": 0.9878350815850816,
    "f1-score": 0.984983802093023,
    "support": 227
  },
  "weighted avg": {
    "precision": 0.991779421019509,
    "recall": 0.9911894273127754,
    "f1-score": 0.9912300894710364,
    "support": 227
  }
}